detector, descriptor, frame, detection duration, original keypoints, car keypoints, neighbourhood mean, neighbourhood sigma, description duration, matches, total durationmatches
SHITOMASI, BRISK, 0, 0.0134047, 1370, 125, 4, 0, 0.159091, 0, 0.172496
SHITOMASI, BRISK, 1, 0.0128602, 1301, 118, 4, 0, 0.187434, 95, 0.200294
SHITOMASI, BRISK, 2, 0.0135133, 1361, 123, 4, 0, 0.203668, 88, 0.217181
SHITOMASI, BRISK, 3, 0.0115409, 1358, 120, 4, 0, 0.179811, 80, 0.191352
SHITOMASI, BRISK, 4, 0.01193, 1333, 120, 4, 0, 0.160493, 90, 0.172423
SHITOMASI, BRISK, 5, 0.0115902, 1284, 113, 4, 0, 0.159139, 82, 0.170729
SHITOMASI, BRISK, 6, 0.0118332, 1322, 114, 4, 0, 0.157524, 79, 0.169358
SHITOMASI, BRISK, 7, 0.0117441, 1366, 123, 4, 0, 0.215627, 85, 0.227371
SHITOMASI, BRISK, 8, 0.0125613, 1389, 111, 4, 0, 0.216898, 86, 0.229459
SHITOMASI, BRISK, 9, 0.0136719, 1339, 112, 4, 0, 0.220673, 82, 0.234345
SHITOMASI, BRIEF, 0, 0.0142703, 1370, 125, 4, 0, 0.00121736, 0, 0.0154876
SHITOMASI, BRIEF, 1, 0.0149023, 1301, 118, 4, 0, 0.00117601, 115, 0.0160783
SHITOMASI, BRIEF, 2, 0.0150683, 1361, 123, 4, 0, 0.0012087, 111, 0.016277
SHITOMASI, BRIEF, 3, 0.014369, 1358, 120, 4, 0, 0.0011464, 104, 0.0155154
SHITOMASI, BRIEF, 4, 0.0142959, 1333, 120, 4, 0, 0.00116451, 101, 0.0154605
SHITOMASI, BRIEF, 5, 0.0137237, 1284, 113, 4, 0, 0.0010768, 102, 0.0148005
SHITOMASI, BRIEF, 6, 0.0134649, 1322, 114, 4, 0, 0.00108192, 102, 0.0145468
SHITOMASI, BRIEF, 7, 0.0130231, 1366, 123, 4, 0, 0.00109545, 100, 0.0141186
SHITOMASI, BRIEF, 8, 0.0120273, 1389, 111, 4, 0, 0.00106781, 109, 0.0130951
SHITOMASI, BRIEF, 9, 0.0121009, 1339, 112, 4, 0, 0.00108676, 100, 0.0131876
SHITOMASI, ORB, 0, 0.0118355, 1370, 125, 4, 0, 0.00365398, 0, 0.0154895
SHITOMASI, ORB, 1, 0.0127228, 1301, 118, 4, 0, 0.00360901, 104, 0.0163319
SHITOMASI, ORB, 2, 0.012942, 1361, 123, 4, 0, 0.00360549, 103, 0.0165475
SHITOMASI, ORB, 3, 0.0126831, 1358, 120, 4, 0, 0.00364555, 100, 0.0163286
SHITOMASI, ORB, 4, 0.0123936, 1333, 120, 4, 0, 0.00365437, 102, 0.016048
SHITOMASI, ORB, 5, 0.0123767, 1284, 113, 4, 0, 0.00236547, 103, 0.0147421
SHITOMASI, ORB, 6, 0.0125336, 1322, 114, 4, 0, 0.00313751, 98, 0.0156711
SHITOMASI, ORB, 7, 0.0123489, 1366, 123, 4, 0, 0.00313989, 98, 0.0154888
SHITOMASI, ORB, 8, 0.0119106, 1389, 111, 4, 0, 0.0024118, 102, 0.0143224
SHITOMASI, ORB, 9, 0.0119153, 1339, 112, 4, 0, 0.00241923, 97, 0.0143345
SHITOMASI, FREAK, 0, 0.01166, 1370, 125, 4, 0, 0.0228131, 0, 0.0344731
SHITOMASI, FREAK, 1, 0.0107858, 1301, 118, 4, 0, 0.0202129, 86, 0.0309987
SHITOMASI, FREAK, 2, 0.00816007, 1361, 123, 4, 0, 0.0202034, 90, 0.0283634
SHITOMASI, FREAK, 3, 0.00817035, 1358, 120, 4, 0, 0.0205252, 86, 0.0286955
SHITOMASI, FREAK, 4, 0.0072793, 1333, 120, 4, 0, 0.0199458, 88, 0.0272251
SHITOMASI, FREAK, 5, 0.00719161, 1284, 113, 4, 0, 0.0199444, 86, 0.027136
SHITOMASI, FREAK, 6, 0.0078528, 1322, 114, 4, 0, 0.0202163, 80, 0.0280691
SHITOMASI, FREAK, 7, 0.00814029, 1366, 123, 4, 0, 0.0202306, 81, 0.0283709
SHITOMASI, FREAK, 8, 0.0081879, 1389, 111, 4, 0, 0.0202102, 86, 0.0283981
SHITOMASI, FREAK, 9, 0.00808032, 1339, 112, 4, 0, 0.0201868, 85, 0.0282671
SHITOMASI, SIFT, 0, 0.00811331, 1370, 125, 4, 0, 0.00924647, 0, 0.0173598
SHITOMASI, SIFT, 1, 0.00809149, 1301, 118, 4, 0, 0.0091481, 115, 0.0172396
SHITOMASI, SIFT, 2, 0.00812688, 1361, 123, 4, 0, 0.00922879, 113, 0.0173557
SHITOMASI, SIFT, 3, 0.00808228, 1358, 120, 4, 0, 0.00914827, 107, 0.0172306
SHITOMASI, SIFT, 4, 0.00809221, 1333, 120, 4, 0, 0.00930676, 109, 0.017399
SHITOMASI, SIFT, 5, 0.00804964, 1284, 113, 4, 0, 0.00923278, 104, 0.0172824
SHITOMASI, SIFT, 6, 0.00809948, 1322, 114, 4, 0, 0.00946948, 105, 0.017569
SHITOMASI, SIFT, 7, 0.00812939, 1366, 123, 4, 0, 0.00920569, 103, 0.0173351
SHITOMASI, SIFT, 8, 0.00829454, 1389, 111, 4, 0, 0.00906934, 113, 0.0173639
SHITOMASI, SIFT, 9, 0.0081165, 1339, 112, 4, 0, 0.00908417, 103, 0.0172007
HARRIS, BRISK, 0, 0.00681358, 126, 22, 6, 0, 0.152799, 0, 0.159612
HARRIS, BRISK, 1, 0.00682512, 124, 23, 6, 0, 0.157535, 18, 0.16436
HARRIS, BRISK, 2, 0.00700321, 146, 27, 6, 0, 0.156146, 17, 0.16315
HARRIS, BRISK, 3, 0.00715186, 161, 27, 6, 0, 0.153557, 21, 0.160709
HARRIS, BRISK, 4, 0.00768706, 209, 33, 6, 0, 0.153944, 22, 0.161631
HARRIS, BRISK, 5, 0.00718048, 166, 30, 6, 0, 0.152973, 24, 0.160153
HARRIS, BRISK, 6, 0.00706072, 144, 28, 6, 0, 0.154041, 20, 0.161102
HARRIS, BRISK, 7, 0.00916014, 279, 37, 6, 0, 0.152816, 23, 0.161976
HARRIS, BRISK, 8, 0.00707717, 151, 31, 6, 0, 0.152847, 29, 0.159924
HARRIS, BRISK, 9, 0.00628121, 132, 26, 6, 0, 0.15444, 27, 0.160721
HARRIS, BRIEF, 0, 0.012484, 126, 22, 6, 0, 0.000383728, 0, 0.0128677
HARRIS, BRIEF, 1, 0.012572, 124, 23, 6, 0, 0.000379482, 20, 0.0129514
HARRIS, BRIEF, 2, 0.0130719, 146, 27, 6, 0, 0.000404314, 22, 0.0134762
HARRIS, BRIEF, 3, 0.0134001, 161, 27, 6, 0, 0.000405123, 26, 0.0138053
HARRIS, BRIEF, 4, 0.0130859, 209, 33, 6, 0, 0.000228262, 25, 0.0133142
HARRIS, BRIEF, 5, 0.00662292, 166, 30, 6, 0, 0.000244486, 29, 0.00686741
HARRIS, BRIEF, 6, 0.00643273, 144, 28, 6, 0, 0.000219056, 24, 0.00665178
HARRIS, BRIEF, 7, 0.00856918, 279, 37, 6, 0, 0.000230906, 25, 0.00880008
HARRIS, BRIEF, 8, 0.00681306, 151, 31, 6, 0, 0.000206955, 32, 0.00702001
HARRIS, BRIEF, 9, 0.00630537, 132, 26, 6, 0, 0.000193247, 24, 0.00649861
HARRIS, ORB, 0, 0.00625218, 126, 22, 6, 0, 0.00212776, 0, 0.00837993
HARRIS, ORB, 1, 0.00622244, 124, 23, 6, 0, 0.00214648, 19, 0.00836892
HARRIS, ORB, 2, 0.00642133, 146, 27, 6, 0, 0.00212003, 20, 0.00854136
HARRIS, ORB, 3, 0.00653252, 161, 27, 6, 0, 0.00215406, 25, 0.00868659
HARRIS, ORB, 4, 0.0070666, 209, 33, 6, 0, 0.00216452, 25, 0.00923111
HARRIS, ORB, 5, 0.00656731, 166, 30, 6, 0, 0.00214225, 29, 0.00870955
HARRIS, ORB, 6, 0.00611979, 144, 28, 6, 0, 0.00213574, 25, 0.00825553
HARRIS, ORB, 7, 0.00855509, 279, 37, 6, 0, 0.00224893, 26, 0.010804
HARRIS, ORB, 8, 0.00683114, 151, 31, 6, 0, 0.0021603, 33, 0.00899143
HARRIS, ORB, 9, 0.00654392, 132, 26, 6, 0, 0.00220737, 26, 0.0087513
HARRIS, FREAK, 0, 0.00630542, 126, 22, 6, 0, 0.0195607, 0, 0.0258661
HARRIS, FREAK, 1, 0.00620738, 124, 23, 6, 0, 0.0201133, 17, 0.0263207
HARRIS, FREAK, 2, 0.00617167, 146, 27, 6, 0, 0.0195576, 20, 0.0257292
HARRIS, FREAK, 3, 0.00635217, 161, 27, 6, 0, 0.0199484, 21, 0.0263006
HARRIS, FREAK, 4, 0.00710415, 209, 33, 6, 0, 0.0202116, 19, 0.0273157
HARRIS, FREAK, 5, 0.00647424, 166, 30, 6, 0, 0.019992, 22, 0.0264662
HARRIS, FREAK, 6, 0.00626289, 144, 28, 6, 0, 0.01987, 27, 0.0261329
HARRIS, FREAK, 7, 0.00840817, 279, 37, 6, 0, 0.0199475, 22, 0.0283556
HARRIS, FREAK, 8, 0.0061779, 151, 31, 6, 0, 0.0199075, 27, 0.0260854
HARRIS, FREAK, 9, 0.00606267, 132, 26, 6, 0, 0.0198082, 24, 0.0258708
HARRIS, SIFT, 0, 0.00614898, 126, 22, 6, 0, 0.00854182, 0, 0.0146908
HARRIS, SIFT, 1, 0.0062613, 124, 23, 6, 0, 0.00831471, 20, 0.014576
HARRIS, SIFT, 2, 0.00642678, 146, 27, 6, 0, 0.00842287, 22, 0.0148497
HARRIS, SIFT, 3, 0.00652752, 161, 27, 6, 0, 0.00852461, 27, 0.0150521
HARRIS, SIFT, 4, 0.00699248, 209, 33, 6, 0, 0.00848713, 24, 0.0154796
HARRIS, SIFT, 5, 0.00653097, 166, 30, 6, 0, 0.00876903, 31, 0.0153
HARRIS, SIFT, 6, 0.00648948, 144, 28, 6, 0, 0.00847285, 28, 0.0149623
HARRIS, SIFT, 7, 0.00851215, 279, 37, 6, 0, 0.00849109, 25, 0.0170032
HARRIS, SIFT, 8, 0.00644687, 151, 31, 6, 0, 0.00841164, 34, 0.0148585
HARRIS, SIFT, 9, 0.00605488, 132, 26, 6, 0, 0.00847362, 29, 0.0145285
FAST, BRISK, 0, 0.00094008, 1824, 149, 7, 0, 0.157614, 0, 0.158555
FAST, BRISK, 1, 0.000885403, 1832, 152, 7, 0, 0.154848, 97, 0.155734
FAST, BRISK, 2, 0.000885524, 1810, 150, 7, 0, 0.156208, 104, 0.157093
FAST, BRISK, 3, 0.000879604, 1817, 155, 7, 0, 0.154205, 101, 0.155085
FAST, BRISK, 4, 0.000878471, 1793, 149, 7, 0, 0.156295, 98, 0.157174
FAST, BRISK, 5, 0.000874973, 1796, 149, 7, 0, 0.154628, 85, 0.155503
FAST, BRISK, 6, 0.000880866, 1788, 156, 7, 0, 0.156443, 107, 0.157324
FAST, BRISK, 7, 0.000867956, 1695, 150, 7, 0, 0.155388, 107, 0.156256
FAST, BRISK, 8, 0.000885388, 1749, 138, 7, 0, 0.157415, 100, 0.1583
FAST, BRISK, 9, 0.000883438, 1770, 143, 7, 0, 0.155454, 100, 0.156337
FAST, BRIEF, 0, 0.000890837, 1824, 149, 7, 0, 0.000458113, 0, 0.00134895
FAST, BRIEF, 1, 0.00088118, 1832, 152, 7, 0, 0.000433262, 119, 0.00131444
FAST, BRIEF, 2, 0.000876932, 1810, 150, 7, 0, 0.000432444, 130, 0.00130938
FAST, BRIEF, 3, 0.000875422, 1817, 155, 7, 0, 0.000436729, 118, 0.00131215
FAST, BRIEF, 4, 0.000880705, 1793, 149, 7, 0, 0.000445466, 126, 0.00132617
FAST, BRIEF, 5, 0.00086505, 1796, 149, 7, 0, 0.000437253, 108, 0.0013023
FAST, BRIEF, 6, 0.000862488, 1788, 156, 7, 0, 0.000538908, 123, 0.0014014
FAST, BRIEF, 7, 0.000869632, 1695, 150, 7, 0, 0.000473325, 131, 0.00134296
FAST, BRIEF, 8, 0.000882316, 1749, 138, 7, 0, 0.000395087, 125, 0.0012774
FAST, BRIEF, 9, 0.00088438, 1770, 143, 7, 0, 0.000435082, 119, 0.00131946
FAST, ORB, 0, 0.000886295, 1824, 149, 7, 0, 0.00230914, 0, 0.00319544
FAST, ORB, 1, 0.000881023, 1832, 152, 7, 0, 0.00271334, 122, 0.00359437
FAST, ORB, 2, 0.000886536, 1810, 150, 7, 0, 0.00232615, 122, 0.00321269
FAST, ORB, 3, 0.0008749, 1817, 155, 7, 0, 0.00264034, 115, 0.00351524
FAST, ORB, 4, 0.00087784, 1793, 149, 7, 0, 0.00229032, 129, 0.00316816
FAST, ORB, 5, 0.000870453, 1796, 149, 7, 0, 0.00415647, 107, 0.00502693
FAST, ORB, 6, 0.000908532, 1788, 156, 7, 0, 0.00419874, 120, 0.00510727
FAST, ORB, 7, 0.00090137, 1695, 150, 7, 0, 0.00406705, 126, 0.00496842
FAST, ORB, 8, 0.000933024, 1749, 138, 7, 0, 0.00399966, 122, 0.00493268
FAST, ORB, 9, 0.000699373, 1770, 143, 7, 0, 0.00327501, 118, 0.00397438
FAST, FREAK, 0, 0.000799197, 1824, 149, 7, 0, 0.0209269, 0, 0.0217261
FAST, FREAK, 1, 0.000890602, 1832, 152, 7, 0, 0.0201036, 98, 0.0209942
FAST, FREAK, 2, 0.000882456, 1810, 150, 7, 0, 0.0208508, 99, 0.0217333
FAST, FREAK, 3, 0.000874772, 1817, 155, 7, 0, 0.0207551, 91, 0.0216299
FAST, FREAK, 4, 0.000877699, 1793, 149, 7, 0, 0.0203087, 98, 0.0211864
FAST, FREAK, 5, 0.000910317, 1796, 149, 7, 0, 0.0208563, 85, 0.0217666
FAST, FREAK, 6, 0.00087728, 1788, 156, 7, 0, 0.0204215, 99, 0.0212987
FAST, FREAK, 7, 0.000871121, 1695, 150, 7, 0, 0.0203345, 102, 0.0212056
FAST, FREAK, 8, 0.000887722, 1749, 138, 7, 0, 0.0202369, 101, 0.0211246
FAST, FREAK, 9, 0.000885843, 1770, 143, 7, 0, 0.0201972, 105, 0.0210831
FAST, SIFT, 0, 0.00089873, 1824, 149, 7, 0, 0.0100501, 0, 0.0109488
FAST, SIFT, 1, 0.000887758, 1832, 152, 7, 0, 0.0102261, 132, 0.0111138
FAST, SIFT, 2, 0.000883786, 1810, 150, 7, 0, 0.0103474, 131, 0.0112312
FAST, SIFT, 3, 0.000880483, 1817, 155, 7, 0, 0.0101967, 126, 0.0110772
FAST, SIFT, 4, 0.00087874, 1793, 149, 7, 0, 0.0101279, 138, 0.0110066
FAST, SIFT, 5, 0.000855549, 1796, 149, 7, 0, 0.0108555, 135, 0.0117111
FAST, SIFT, 6, 0.000911943, 1788, 156, 7, 0, 0.0110484, 136, 0.0119604
FAST, SIFT, 7, 0.000864179, 1695, 150, 7, 0, 0.010515, 135, 0.0113792
FAST, SIFT, 8, 0.000888909, 1749, 138, 7, 0, 0.0111322, 133, 0.0120211
FAST, SIFT, 9, 0.000892712, 1770, 143, 7, 0, 0.0104874, 120, 0.0113801
BRISK, BRISK, 0, 0.184442, 2757, 264, 21.5492, 212.496, 0.153863, 0, 0.338305
BRISK, BRISK, 1, 0.183495, 2777, 282, 21.7853, 212.129, 0.157751, 171, 0.341246
BRISK, BRISK, 2, 0.186629, 2741, 282, 21.6509, 191.029, 0.157265, 176, 0.343894
BRISK, BRISK, 3, 0.185456, 2735, 277, 20.3583, 159.23, 0.159655, 157, 0.345111
BRISK, BRISK, 4, 0.183194, 2757, 297, 22.5911, 220.702, 0.155203, 176, 0.338396
BRISK, BRISK, 5, 0.18824, 2695, 279, 22.9442, 249.964, 0.156655, 174, 0.344896
BRISK, BRISK, 6, 0.182985, 2715, 289, 21.8014, 215.379, 0.156383, 188, 0.339368
BRISK, BRISK, 7, 0.182221, 2628, 272, 22.1472, 226.018, 0.155587, 173, 0.337808
BRISK, BRISK, 8, 0.185552, 2639, 266, 22.5558, 230.701, 0.156457, 171, 0.342009
BRISK, BRISK, 9, 0.189378, 2672, 254, 22.0389, 215.124, 0.15777, 184, 0.347148
BRISK, BRIEF, 0, 0.187527, 2757, 264, 21.5492, 212.496, 0.000554967, 0, 0.188082
BRISK, BRIEF, 1, 0.185289, 2777, 282, 21.7853, 212.129, 0.000651441, 178, 0.18594
BRISK, BRIEF, 2, 0.186115, 2741, 282, 21.6509, 191.029, 0.000570614, 205, 0.186685
BRISK, BRIEF, 3, 0.185792, 2735, 277, 20.3583, 159.23, 0.000659324, 185, 0.186451
BRISK, BRIEF, 4, 0.184181, 2757, 297, 22.5911, 220.702, 0.000603162, 179, 0.184784
BRISK, BRIEF, 5, 0.187594, 2695, 279, 22.9442, 249.964, 0.000644883, 183, 0.188239
BRISK, BRIEF, 6, 0.188727, 2715, 289, 21.8014, 215.379, 0.000741939, 195, 0.189469
BRISK, BRIEF, 7, 0.18387, 2628, 272, 22.1472, 226.018, 0.000583881, 207, 0.184454
BRISK, BRIEF, 8, 0.18476, 2639, 266, 22.5558, 230.701, 0.000622853, 189, 0.185383
BRISK, BRIEF, 9, 0.188634, 2672, 254, 22.0389, 215.124, 0.000593514, 183, 0.189228
BRISK, ORB, 0, 0.186948, 2757, 264, 21.5492, 212.496, 0.00867508, 0, 0.195624
BRISK, ORB, 1, 0.18816, 2777, 282, 21.7853, 212.129, 0.0132361, 160, 0.201396
BRISK, ORB, 2, 0.192074, 2741, 282, 21.6509, 191.029, 0.00800963, 171, 0.200083
BRISK, ORB, 3, 0.187823, 2735, 277, 20.3583, 159.23, 0.00871205, 157, 0.196535
BRISK, ORB, 4, 0.185061, 2757, 297, 22.5911, 220.702, 0.00813749, 170, 0.193199
BRISK, ORB, 5, 0.186024, 2695, 279, 22.9442, 249.964, 0.00860945, 154, 0.194633
BRISK, ORB, 6, 0.183513, 2715, 289, 21.8014, 215.379, 0.0078525, 180, 0.191366
BRISK, ORB, 7, 0.184729, 2628, 272, 22.1472, 226.018, 0.00813225, 171, 0.192861
BRISK, ORB, 8, 0.18631, 2639, 266, 22.5558, 230.701, 0.00792189, 175, 0.194232
BRISK, ORB, 9, 0.186991, 2672, 254, 22.0389, 215.124, 0.00797197, 172, 0.194963
BRISK, FREAK, 0, 0.18517, 2757, 264, 21.5492, 212.496, 0.0216346, 0, 0.206805
BRISK, FREAK, 1, 0.1865, 2777, 282, 21.7853, 212.129, 0.0212778, 160, 0.207778
BRISK, FREAK, 2, 0.186431, 2741, 282, 21.6509, 191.029, 0.0215513, 177, 0.207982
BRISK, FREAK, 3, 0.184881, 2735, 277, 20.3583, 159.23, 0.0214502, 155, 0.206331
BRISK, FREAK, 4, 0.184271, 2757, 297, 22.5911, 220.702, 0.0214024, 173, 0.205674
BRISK, FREAK, 5, 0.187751, 2695, 279, 22.9442, 249.964, 0.0215667, 161, 0.209318
BRISK, FREAK, 6, 0.185257, 2715, 289, 21.8014, 215.379, 0.020983, 183, 0.20624
BRISK, FREAK, 7, 0.186585, 2628, 272, 22.1472, 226.018, 0.0209718, 169, 0.207557
BRISK, FREAK, 8, 0.183699, 2639, 266, 22.5558, 230.701, 0.0211461, 178, 0.204845
BRISK, FREAK, 9, 0.196473, 2672, 254, 22.0389, 215.124, 0.0217239, 168, 0.218196
BRISK, SIFT, 0, 0.184287, 2757, 264, 21.5492, 212.496, 0.0180336, 0, 0.20232
BRISK, SIFT, 1, 0.187199, 2777, 282, 21.7853, 212.129, 0.0178564, 218, 0.205056
BRISK, SIFT, 2, 0.1921, 2741, 282, 21.6509, 191.029, 0.0174389, 231, 0.209539
BRISK, SIFT, 3, 0.183946, 2735, 277, 20.3583, 159.23, 0.0179754, 225, 0.201922
BRISK, SIFT, 4, 0.185531, 2757, 297, 22.5911, 220.702, 0.0178506, 218, 0.203381
BRISK, SIFT, 5, 0.183629, 2695, 279, 22.9442, 249.964, 0.0174537, 223, 0.201083
BRISK, SIFT, 6, 0.184366, 2715, 289, 21.8014, 215.379, 0.01789, 228, 0.202256
BRISK, SIFT, 7, 0.184364, 2628, 272, 22.1472, 226.018, 0.0188762, 230, 0.20324
BRISK, SIFT, 8, 0.185662, 2639, 266, 22.5558, 230.701, 0.0174508, 205, 0.203113
BRISK, SIFT, 9, 0.184977, 2672, 254, 22.0389, 215.124, 0.0180087, 208, 0.202986
ORB, BRISK, 0, 0.0713144, 500, 92, 57.0723, 661.073, 0.154809, 0, 0.226124
ORB, BRISK, 1, 0.0059325, 500, 102, 57.2273, 680.59, 0.154746, 73, 0.160678
ORB, BRISK, 2, 0.00532619, 500, 106, 56.4948, 672.109, 0.155514, 74, 0.16084
ORB, BRISK, 3, 0.00531998, 500, 113, 55.1436, 629.784, 0.15389, 79, 0.15921
ORB, BRISK, 4, 0.0053522, 500, 109, 56.7442, 625.649, 0.154628, 85, 0.159981
ORB, BRISK, 5, 0.00532787, 500, 125, 56.6367, 596.796, 0.155421, 79, 0.160748
ORB, BRISK, 6, 0.00546328, 500, 130, 56.7683, 646.396, 0.155667, 92, 0.161131
ORB, BRISK, 7, 0.00542134, 500, 129, 55.4296, 611.86, 0.156536, 90, 0.161957
ORB, BRISK, 8, 0.00565906, 500, 127, 54.6723, 638.084, 0.156151, 88, 0.16181
ORB, BRISK, 9, 0.00543666, 500, 128, 54.3885, 560.291, 0.155781, 91, 0.161218
ORB, BRIEF, 0, 0.00535548, 500, 92, 57.0723, 661.073, 0.000277041, 0, 0.00563252
ORB, BRIEF, 1, 0.00535693, 500, 102, 57.2273, 680.59, 0.000296556, 49, 0.00565349
ORB, BRIEF, 2, 0.0053165, 500, 106, 56.4948, 672.109, 0.000265266, 43, 0.00558176
ORB, BRIEF, 3, 0.00550713, 500, 113, 55.1436, 629.784, 0.000311279, 45, 0.00581841
ORB, BRIEF, 4, 0.00532449, 500, 109, 56.7442, 625.649, 0.000318319, 59, 0.00564281
ORB, BRIEF, 5, 0.00550079, 500, 125, 56.6367, 596.796, 0.000328739, 53, 0.00582953
ORB, BRIEF, 6, 0.00555325, 500, 130, 56.7683, 646.396, 0.000399579, 78, 0.00595283
ORB, BRIEF, 7, 0.00537836, 500, 129, 55.4296, 611.86, 0.000371426, 68, 0.00574979
ORB, BRIEF, 8, 0.00551285, 500, 127, 54.6723, 638.084, 0.000302377, 84, 0.00581523
ORB, BRIEF, 9, 0.00570347, 500, 128, 54.3885, 560.291, 0.000313446, 66, 0.00601692
ORB, ORB, 0, 0.00535627, 500, 92, 57.0723, 661.073, 0.00823204, 0, 0.0135883
ORB, ORB, 1, 0.00542856, 500, 102, 57.2273, 680.59, 0.0087952, 65, 0.0142238
ORB, ORB, 2, 0.00530994, 500, 106, 56.4948, 672.109, 0.00812933, 69, 0.0134393
ORB, ORB, 3, 0.00525996, 500, 113, 55.1436, 629.784, 0.00815392, 71, 0.0134139
ORB, ORB, 4, 0.00535776, 500, 109, 56.7442, 625.649, 0.00823394, 85, 0.0135917
ORB, ORB, 5, 0.00539755, 500, 125, 56.6367, 596.796, 0.00828891, 91, 0.0136865
ORB, ORB, 6, 0.00527957, 500, 130, 56.7683, 646.396, 0.00850851, 101, 0.0137881
ORB, ORB, 7, 0.00530731, 500, 129, 55.4296, 611.86, 0.00837836, 95, 0.0136857
ORB, ORB, 8, 0.00563033, 500, 127, 54.6723, 638.084, 0.00838564, 93, 0.014016
ORB, ORB, 9, 0.00543225, 500, 128, 54.3885, 560.291, 0.00837905, 91, 0.0138113
ORB, FREAK, 0, 0.00546989, 500, 92, 57.0723, 661.073, 0.0216928, 0, 0.0271627
ORB, FREAK, 1, 0.00552179, 500, 102, 57.2273, 680.59, 0.0204077, 42, 0.0259295
ORB, FREAK, 2, 0.00554255, 500, 106, 56.4948, 672.109, 0.02105, 36, 0.0265926
ORB, FREAK, 3, 0.00525808, 500, 113, 55.1436, 629.784, 0.0197931, 44, 0.0250512
ORB, FREAK, 4, 0.00532362, 500, 109, 56.7442, 625.649, 0.019674, 47, 0.0249976
ORB, FREAK, 5, 0.00535772, 500, 125, 56.6367, 596.796, 0.0201818, 44, 0.0255395
ORB, FREAK, 6, 0.00566494, 500, 130, 56.7683, 646.396, 0.0205232, 51, 0.0261881
ORB, FREAK, 7, 0.00485131, 500, 129, 55.4296, 611.86, 0.0200499, 52, 0.0249012
ORB, FREAK, 8, 0.00592364, 500, 127, 54.6723, 638.084, 0.0201474, 48, 0.026071
ORB, FREAK, 9, 0.00598085, 500, 128, 54.3885, 560.291, 0.019804, 56, 0.0257849
ORB, SIFT, 0, 0.00544847, 500, 92, 57.0723, 661.073, 0.0196792, 0, 0.0251276
ORB, SIFT, 1, 0.00542822, 500, 102, 57.2273, 680.59, 0.0208608, 76, 0.026289
ORB, SIFT, 2, 0.0054947, 500, 106, 56.4948, 672.109, 0.0194603, 87, 0.024955
ORB, SIFT, 3, 0.00542468, 500, 113, 55.1436, 629.784, 0.0199952, 88, 0.0254199
ORB, SIFT, 4, 0.00545935, 500, 109, 56.7442, 625.649, 0.0201211, 91, 0.0255805
ORB, SIFT, 5, 0.00555709, 500, 125, 56.6367, 596.796, 0.0194827, 89, 0.0250397
ORB, SIFT, 6, 0.00538782, 500, 130, 56.7683, 646.396, 0.0200652, 104, 0.025453
ORB, SIFT, 7, 0.00553882, 500, 129, 55.4296, 611.86, 0.0223186, 105, 0.0278574
ORB, SIFT, 8, 0.00553226, 500, 127, 54.6723, 638.084, 0.0224186, 101, 0.0279508
ORB, SIFT, 9, 0.00549328, 500, 128, 54.3885, 560.291, 0.0216388, 104, 0.0271321
AKAZE, BRISK, 0, 0.0438395, 1351, 166, 7.72918, 15.3807, 0.155108, 0, 0.198947
AKAZE, BRISK, 1, 0.0403804, 1327, 157, 7.49021, 12.4225, 0.153196, 137, 0.193576
AKAZE, BRISK, 2, 0.0429823, 1311, 161, 7.45212, 12.6221, 0.156208, 125, 0.19919
AKAZE, BRISK, 3, 0.0395974, 1351, 155, 7.57523, 11.9644, 0.159703, 129, 0.1993
AKAZE, BRISK, 4, 0.0409907, 1360, 163, 7.73319, 11.8184, 0.153473, 129, 0.194464
AKAZE, BRISK, 5, 0.038349, 1347, 164, 7.68804, 11.4138, 0.153944, 131, 0.192293
AKAZE, BRISK, 6, 0.0362296, 1363, 173, 7.73879, 11.7812, 0.155497, 132, 0.191726
AKAZE, BRISK, 7, 0.037628, 1331, 175, 7.82613, 12.3183, 0.154624, 142, 0.192252
AKAZE, BRISK, 8, 0.0409138, 1358, 177, 7.81556, 12.2047, 0.155407, 146, 0.196321
AKAZE, BRISK, 9, 0.0395376, 1331, 179, 7.88576, 12.9699, 0.157811, 144, 0.197348
AKAZE, BRIEF, 0, 0.0383367, 1351, 166, 7.72918, 15.3807, 0.000472022, 0, 0.0388087
AKAZE, BRIEF, 1, 0.0592496, 1327, 157, 7.49021, 12.4225, 0.000452501, 141, 0.0597021
AKAZE, BRIEF, 2, 0.0410934, 1311, 161, 7.45212, 12.6221, 0.000841535, 134, 0.0419349
AKAZE, BRIEF, 3, 0.0407672, 1351, 155, 7.57523, 11.9644, 0.00125223, 131, 0.0420194
AKAZE, BRIEF, 4, 0.0634151, 1360, 163, 7.73319, 11.8184, 0.000454522, 130, 0.0638696
AKAZE, BRIEF, 5, 0.0389204, 1347, 164, 7.68804, 11.4138, 0.000850709, 134, 0.0397711
AKAZE, BRIEF, 6, 0.0438688, 1363, 173, 7.73879, 11.7812, 0.00087954, 146, 0.0447484
AKAZE, BRIEF, 7, 0.0393082, 1331, 175, 7.82613, 12.3183, 0.000493283, 150, 0.0398015
AKAZE, BRIEF, 8, 0.0378723, 1358, 177, 7.81556, 12.2047, 0.000846252, 148, 0.0387185
AKAZE, BRIEF, 9, 0.0416015, 1331, 179, 7.88576, 12.9699, 0.000935904, 152, 0.0425374
AKAZE, ORB, 0, 0.040585, 1351, 166, 7.72918, 15.3807, 0.00573279, 0, 0.0463178
AKAZE, ORB, 1, 0.0406156, 1327, 157, 7.49021, 12.4225, 0.00565654, 130, 0.0462721
AKAZE, ORB, 2, 0.0390995, 1311, 161, 7.45212, 12.6221, 0.00560733, 129, 0.0447069
AKAZE, ORB, 3, 0.0420277, 1351, 155, 7.57523, 11.9644, 0.00580371, 128, 0.0478314
AKAZE, ORB, 4, 0.0412538, 1360, 163, 7.73319, 11.8184, 0.00604974, 115, 0.0473035
AKAZE, ORB, 5, 0.042874, 1347, 164, 7.68804, 11.4138, 0.00931154, 132, 0.0521855
AKAZE, ORB, 6, 0.0363531, 1363, 173, 7.73879, 11.7812, 0.00572279, 132, 0.0420759
AKAZE, ORB, 7, 0.0391851, 1331, 175, 7.82613, 12.3183, 0.00667789, 137, 0.045863
AKAZE, ORB, 8, 0.0413563, 1358, 177, 7.81556, 12.2047, 0.00594918, 137, 0.0473055
AKAZE, ORB, 9, 0.0392483, 1331, 179, 7.88576, 12.9699, 0.0057552, 146, 0.0450035
AKAZE, FREAK, 0, 0.033383, 1351, 166, 7.72918, 15.3807, 0.022386, 0, 0.0557689
AKAZE, FREAK, 1, 0.0386315, 1327, 157, 7.49021, 12.4225, 0.022593, 126, 0.0612245
AKAZE, FREAK, 2, 0.0375053, 1311, 161, 7.45212, 12.6221, 0.0223502, 129, 0.0598554
AKAZE, FREAK, 3, 0.0364205, 1351, 155, 7.57523, 11.9644, 0.0225384, 127, 0.0589589
AKAZE, FREAK, 4, 0.0372773, 1360, 163, 7.73319, 11.8184, 0.0210247, 121, 0.058302
AKAZE, FREAK, 5, 0.0381467, 1347, 164, 7.68804, 11.4138, 0.0230684, 122, 0.0612151
AKAZE, FREAK, 6, 0.0374533, 1363, 173, 7.73879, 11.7812, 0.0204695, 133, 0.0579228
AKAZE, FREAK, 7, 0.0315224, 1331, 175, 7.82613, 12.3183, 0.0202988, 144, 0.0518213
AKAZE, FREAK, 8, 0.0339383, 1358, 177, 7.81556, 12.2047, 0.0204475, 147, 0.0543858
AKAZE, FREAK, 9, 0.0346994, 1331, 179, 7.88576, 12.9699, 0.0211647, 138, 0.0558641
AKAZE, AKAZE, 0, 0.0316215, 1351, 166, 7.72918, 15.3807, 0.0250657, 0, 0.0566872
AKAZE, AKAZE, 1, 0.0363504, 1327, 157, 7.49021, 12.4225, 0.0294275, 138, 0.0657779
AKAZE, AKAZE, 2, 0.0372447, 1311, 161, 7.45212, 12.6221, 0.0336317, 138, 0.0708764
AKAZE, AKAZE, 3, 0.0404374, 1351, 155, 7.57523, 11.9644, 0.0324398, 133, 0.0728772
AKAZE, AKAZE, 4, 0.0349352, 1360, 163, 7.73319, 11.8184, 0.0299285, 127, 0.0648637
AKAZE, AKAZE, 5, 0.0367569, 1347, 164, 7.68804, 11.4138, 0.0327043, 129, 0.0694612
AKAZE, AKAZE, 6, 0.0330073, 1363, 173, 7.73879, 11.7812, 0.0260959, 146, 0.0591032
AKAZE, AKAZE, 7, 0.0402589, 1331, 175, 7.82613, 12.3183, 0.0330154, 147, 0.0732744
AKAZE, AKAZE, 8, 0.0409356, 1358, 177, 7.81556, 12.2047, 0.0340206, 151, 0.0749562
AKAZE, AKAZE, 9, 0.0409056, 1331, 179, 7.88576, 12.9699, 0.0316671, 150, 0.0725727
AKAZE, SIFT, 0, 0.0405273, 1351, 166, 7.72918, 15.3807, 0.012893, 0, 0.0534203
AKAZE, SIFT, 1, 0.0377034, 1327, 157, 7.49021, 12.4225, 0.0167701, 148, 0.0544735
AKAZE, SIFT, 2, 0.0376439, 1311, 161, 7.45212, 12.6221, 0.013331, 143, 0.0509749
AKAZE, SIFT, 3, 0.0404324, 1351, 155, 7.57523, 11.9644, 0.0166352, 139, 0.0570677
AKAZE, SIFT, 4, 0.0379213, 1360, 163, 7.73319, 11.8184, 0.0128336, 140, 0.0507548
AKAZE, SIFT, 5, 0.0389301, 1347, 164, 7.68804, 11.4138, 0.0169329, 143, 0.055863
AKAZE, SIFT, 6, 0.0362807, 1363, 173, 7.73879, 11.7812, 0.0138118, 151, 0.0500926
AKAZE, SIFT, 7, 0.0399005, 1331, 175, 7.82613, 12.3183, 0.0169787, 157, 0.0568792
AKAZE, SIFT, 8, 0.0366023, 1358, 177, 7.81556, 12.2047, 0.0140018, 159, 0.0506042
AKAZE, SIFT, 9, 0.0410426, 1331, 179, 7.88576, 12.9699, 0.0132214, 159, 0.054264
SIFT, BRISK, 0, 0.0717248, 1438, 138, 4.98472, 35.1615, 0.155551, 0, 0.227276
SIFT, BRISK, 1, 0.0726522, 1371, 132, 5.08981, 38.1059, 0.155557, 64, 0.228209
SIFT, BRISK, 2, 0.0728986, 1380, 124, 4.93926, 36.2424, 0.154865, 66, 0.227764
SIFT, BRISK, 3, 0.0716062, 1335, 137, 4.73123, 27.4604, 0.153766, 62, 0.225372
SIFT, BRISK, 4, 0.0718716, 1305, 134, 4.7196, 30.3653, 0.159331, 66, 0.231202
SIFT, BRISK, 5, 0.0709129, 1369, 140, 4.68398, 31.0978, 0.141566, 59, 0.212479
SIFT, BRISK, 6, 0.0742532, 1396, 137, 5.40798, 42.4276, 0.140399, 64, 0.214652
SIFT, BRISK, 7, 0.0741978, 1382, 148, 4.62187, 26.4553, 0.142879, 64, 0.217077
SIFT, BRISK, 8, 0.0735079, 1463, 159, 5.51997, 44.4893, 0.14077, 67, 0.214277
SIFT, BRISK, 9, 0.0715342, 1422, 137, 5.62509, 44.638, 0.140155, 80, 0.21169
SIFT, BRIEF, 0, 0.0713048, 1438, 138, 4.98472, 35.1615, 0.000654767, 0, 0.0719595
SIFT, BRIEF, 1, 0.0740849, 1371, 132, 5.08981, 38.1059, 0.000658163, 86, 0.074743
SIFT, BRIEF, 2, 0.0741497, 1380, 124, 4.93926, 36.2424, 0.000610377, 78, 0.0747601
SIFT, BRIEF, 3, 0.075745, 1335, 137, 4.73123, 27.4604, 0.000682365, 76, 0.0764274
SIFT, BRIEF, 4, 0.0733181, 1305, 134, 4.7196, 30.3653, 0.000663061, 85, 0.0739812
SIFT, BRIEF, 5, 0.0713366, 1369, 140, 4.68398, 31.0978, 0.000666038, 69, 0.0720026
SIFT, BRIEF, 6, 0.0731057, 1396, 137, 5.40798, 42.4276, 0.000654548, 74, 0.0737603
SIFT, BRIEF, 7, 0.0727881, 1382, 148, 4.62187, 26.4553, 0.000683774, 76, 0.0734719
SIFT, BRIEF, 8, 0.0769449, 1463, 159, 5.51997, 44.4893, 0.00069986, 70, 0.0776448
SIFT, BRIEF, 9, 0.0720825, 1422, 137, 5.62509, 44.638, 0.00066445, 88, 0.0727469
SIFT, FREAK, 0, 0.0727728, 1438, 138, 4.98472, 35.1615, 0.0204394, 0, 0.0932122
SIFT, FREAK, 1, 0.0734114, 1371, 132, 5.08981, 38.1059, 0.0208847, 65, 0.0942962
SIFT, FREAK, 2, 0.0717485, 1380, 124, 4.93926, 36.2424, 0.020577, 72, 0.0923255
SIFT, FREAK, 3, 0.0712782, 1335, 137, 4.73123, 27.4604, 0.0206858, 64, 0.0919639
SIFT, FREAK, 4, 0.0740363, 1305, 134, 4.7196, 30.3653, 0.0205107, 66, 0.094547
SIFT, FREAK, 5, 0.0734599, 1369, 140, 4.68398, 31.0978, 0.0207154, 59, 0.0941753
SIFT, FREAK, 6, 0.0763126, 1396, 137, 5.40798, 42.4276, 0.0205917, 59, 0.0969043
SIFT, FREAK, 7, 0.0725428, 1382, 148, 4.62187, 26.4553, 0.0223218, 64, 0.0948647
SIFT, FREAK, 8, 0.0734207, 1463, 159, 5.51997, 44.4893, 0.0213352, 65, 0.0947559
SIFT, FREAK, 9, 0.0734987, 1422, 137, 5.62509, 44.638, 0.0211753, 79, 0.094674
SIFT, SIFT, 0, 0.0735182, 1438, 138, 4.98472, 35.1615, 0.046099, 0, 0.119617
SIFT, SIFT, 1, 0.0537303, 1371, 132, 5.08981, 38.1059, 0.0454487, 94, 0.099179
SIFT, SIFT, 2, 0.0717613, 1380, 124, 4.93926, 36.2424, 0.0452081, 95, 0.116969
SIFT, SIFT, 3, 0.0545204, 1335, 137, 4.73123, 27.4604, 0.0468827, 89, 0.101403
SIFT, SIFT, 4, 0.0551398, 1305, 134, 4.7196, 30.3653, 0.0446808, 107, 0.0998206
SIFT, SIFT, 5, 0.0722827, 1369, 140, 4.68398, 31.0978, 0.0451957, 99, 0.117478
SIFT, SIFT, 6, 0.0553992, 1396, 137, 5.40798, 42.4276, 0.0447372, 93, 0.100136
SIFT, SIFT, 7, 0.0544204, 1382, 148, 4.62187, 26.4553, 0.045978, 94, 0.100398
SIFT, SIFT, 8, 0.0716936, 1463, 159, 5.51997, 44.4893, 0.0456035, 115, 0.117297
SIFT, SIFT, 9, 0.055413, 1422, 137, 5.62509, 44.638, 0.0457082, 114, 0.101121
